outcome	ID	subj_num	block	x_t	b_t	delta_t	a_t	e_t	mu_t	c_t	tac	r_t	kappa_t	v_t	RT	initRT	initTend	new_block
336	20018	58	1	336	47.105514188856	-71.105514188856	NaN	-69.1055141888561	338	1	0	0	16	0	2.52797379996628	1.8803294999525	48.0127875041833	1
333	20018	58	1	333	330.027109414029	2.9728905859714	-77.0784047748274	7.97289058597139	338	0	1	1	16	0	0.749156299978495	0.0896319999592379	323.746162262555	0
334	20018	58	1	334	336.607450242454	-2.60745024245362	6.580340828425	1.39254975754639	338	0	2	1	16	0	0.99949590000324	0.340161800035276	360	0
350	20018	58	1	350	329.476595186537	20.523404813463	-7.13085505591661	8.523404813463	338	0	3	0	16	0	1.18747859995347	0.257284999941476	266.63353933657	0
336	20018	58	1	336	347.005383208083	-11.0053832080835	17.5287880215465	-9.00538320808348	338	0	4	1	16	0	1.35777710005641	0.0812828000634909	42.8789036033385	0
345	20018	58	1	345	338.9404266809	6.05957331909966	-8.06495652718311	-0.940426680900369	338	0	5	1	16	0	2.30725359998178	0.2118133000331	341.565051177078	0
327	20018	58	1	327	347.074000875294	-20.074000875294	8.13357419439366	-9.07400087529402	338	0	6	0	16	0	1.52962360007223	0.0882987000513822	348.69006752598	0
322	20018	58	1	322	329.905758523555	-7.90575852355497	-17.168242351739	8.09424147644502	338	0	7	1	16	0	1.6588189000031	0.296333200065419	325.304846468766	0
327	20018	58	1	327	321.473955968672	5.52604403132774	-8.43180255488271	16.5260440313277	338	0	8	1	16	0	1.36022829997819	0.301438399939798	357.273689006094	0
353	20018	58	1	353	326.63968871513	26.3603112848703	5.16573274645746	11.3603112848703	338	0	9	0	16	0	1.68991070007905	0.343064900022	32.7352262721076	0
339	20018	58	1	339	343.033851891464	-4.03385189146377	16.394163176334	-5.03385189146375	338	0	10	1	16	0	2.57263290008996	0.513041300000623	327.994616791916	0
331	20018	58	1	331	333.970407808487	-2.97040780848649	-9.06344408297724	4.02959219151348	338	0	11	1	16	0	1.98208819993306	0.740010199951939	348.69006752598	0
345	20018	58	1	345	329.700660725797	15.2993392742031	-4.26974708268962	8.2993392742031	338	0	12	0	16	0	2.51362360001076	0.370172699913383	50.1944289077348	0
320	20018	58	1	320	341.283732098066	-21.2837320980664	11.5830713722695	-3.28373209806642	338	0	13	0	16	0	1.77473120007198	0.129522899980657	96.7098368077569	0
347	20018	58	1	347	337.311214740959	9.68878525904118	-3.9725173571076	0.68878525904118	338	0	14	1	16	1	2.58679859992117	0.0520235999720171	259.215702132437	0
339	20018	58	1	339	344.013707760902	-5.01370776090244	6.70249301994361	-6.01370776090242	338	0	15	1	16	0	1.49635290005244	0.650838900008239	153.434948822922	0
341	20018	58	1	341	337.924712200427	3.0752877995728	-6.0889955604752	0.0752877995727807	338	0	16	1	16	1	2.91603960003704	0.296969600021839	360	0
341	20018	58	1	341	343.774724638822	-2.77472463882177	5.85001243839457	-5.77472463882178	338	0	17	1	16	0	1.57607219996862	0.414853899972513	326.30993247402	0
0	20018	58	1	0	336.721050801997	23.2789491980027	-7.05367383682446	1.27894919800268	338	0	18	0	16	0	1.94860499992501	0.253656499902718	321.34019174591	0
335	20018	58	1	335	350.390261874947	-15.3902618749472	13.6692110729499	-12.3902618749472	338	0	19	0	16	0	2.13539889990352	0.355840699980035	10.304846468766	0
96	20018	58	1	96	341.754145472422	114.245854527578	-8.63611640252549	119.245854527578	101	1	0	0	16	0	3.44914929999504	0.217774299904704	339.775140568832	0
130	20018	58	1	130	103.085059936232	26.9149400637678	121.330914463811	-2.08505993623219	101	0	1	0	16	0	1.20333980000578	0.212626899941824	345.963756532073	0
103	20018	58	1	103	110.969825552463	-7.96982555246253	7.88476561623035	-9.96982555246254	101	0	2	1	16	0	1.03914929996245	0.0257806999143213	102.264773727892	0
80	20018	58	1	80	101.625898643309	-21.6258986433086	-9.34392690915394	-0.625898643308595	101	0	3	0	16	0	1.14883619989268	0.356487899902277	87.2736890060937	0
103	20018	58	1	103	91.6523046776513	11.3476953223487	-9.97359396565729	9.34769532234869	101	0	4	1	16	0	1.10537470004056	0.259817700018175	75.9637565320735	0
86	20018	58	1	86	102.154941697222	-16.1549416972222	10.5026370195709	-1.15494169722223	101	0	5	0	16	0	1.51691380003467	0.308830299996771	129.805571092265	0
106	20018	58	1	106	91.6135389328812	14.3864610671188	-10.541402764341	9.38646106711882	101	0	6	0	16	0	1.866283499985	0.0519035999896005	86.9872124958167	0
103	20018	58	1	103	103.981204311453	-0.98120431145263	12.3676653785714	-2.98120431145263	101	0	7	1	16	0	1.03147280006669	0.22217720001936	97.7651660184253	0
115	20018	58	1	115	107.281498371817	7.71850162818336	3.300294060364	-6.28149837181664	101	0	8	1	16	0	1.71796899999026	0.405430599930696	97.1250163489018	0
92	20018	58	1	92	105.575580421926	-13.575580421926	-1.70591794989059	-4.57558042192605	101	0	9	1	16	0	3.92012220004108	0.354844800080173	117.552811576718	0
105	20018	58	1	105	97.3960765597127	7.60392344028734	-8.17950386221338	3.60392344028734	101	0	10	1	16	0	1.43826330010779	0.206974700093269	51.8427734126309	0
125	20018	58	1	125	104.349332042947	20.6506679570529	6.95325548323448	-3.34933204294714	101	0	11	0	16	0	2.75998390000314	0.310981799964793	99.4623222080256	0
77	20018	58	1	77	120.11744497914	-43.1174449791395	15.7681129361924	-19.1174449791395	101	0	12	0	16	0	1.17688789998647	0.0299122999422252	160.559965171824	0
94	20018	58	1	94	86.6335393365702	7.3664606634298	-33.4839056425693	14.3664606634298	101	0	13	1	16	0	0.970481700031087	0.110174200031906	82.2348339815746	0
103	20018	58	1	103	95.9974005739155	7.00259942608448	9.36386123734532	5.00259942608448	101	0	14	1	16	0	1.00367679994088	0.0585721000097692	96.0090059574945	0
131	20018	58	1	131	103.284866484902	27.7151335150978	7.28746591098667	-2.28486648490219	101	0	15	0	16	0	1.01639120001346	0.354967300081626	122.905242922988	0
109	20018	58	1	109	116.565051177078	-7.56505117707799	13.2801846921758	-15.565051177078	101	0	16	1	16	0	1.21876900002826	0.0632900999626145	159.443954780417	0
122	20018	58	1	122	103.101086129573	18.8989138704271	-13.4639650475051	-2.1010861295729	101	0	17	0	16	0	0.812295300071128	0.248015700024553	90	0
40	20018	58	1	40	112.529398002937	-72.5293980029369	9.42831187336394	-83.5293980029368	29	1	0	0	16	0	0.656864200020209	0.100095100002363	161.565051177078	0
35	20018	58	1	35	65.8366753649435	-30.8366753649435	-46.6927226379933	-36.8366753649435	29	0	1	0	16	0	0.91965319996234	0.0391253000125289	167.471192290848	0
59	20018	58	1	59	38.1075768775149	20.8924231224851	-27.7290984874286	-9.10757687751487	29	0	2	0	16	0	0.826617199927568	0.0480431999312714	310.236358309274	0
349	20018	58	1	349	42.4169793313649	-53.4169793313649	4.30940245385005	-13.4169793313649	29	0	3	0	16	0	1.05220120004378	0.308300400036387	49.7636416907262	0
29	20018	58	1	29	7.83279556623461	21.1672044337654	-34.5841837651303	21.1672044337654	29	0	4	0	16	0	1.05590030003805	0.0751994999591261	310.601294645004	0
44	20018	58	1	44	14.4039905329373	29.5960094670627	6.5711949667027	14.5960094670627	29	0	5	0	16	0	0.994032999966294	0.14873739995528	270	0
37	20018	58	1	37	44.7989630021654	-7.7989630021654	30.3949724692281	-15.7989630021654	29	0	6	1	16	0	1.49557020002976	0.298681700020097	23.1985905136482	0
210	20018	58	1	210	44.1930705448976	165.806929455102	-0.605892457267772	-174.193070544898	230	1	0	0	16	0	1.00663550000172	0.0956862000748515	23.1985905136482	0
232	20018	58	1	232	224.550630551292	7.44936944870797	-179.642439993606	5.44936944870794	230	0	1	1	16	0	0.887868900084868	0.0059948000125587	227.090159153711	0
203	20018	58	1	203	225.574854752243	-22.574854752243	1.02422420095091	4.42514524775703	230	0	2	0	16	0	0.961297299945727	0.266626299940981	299.744881296942	0
235	20018	58	1	235	203.785884313006	31.2141156869941	-21.788970439237	26.2141156869941	230	0	3	0	16	0	0.717087400029413	0.160646900068969	222.510447078001	0
122	20018	58	2	122	80.1588682403656	41.8411317596344	-123.62701607264	17.8411317596344	98	1	0	0	16	0	1.51674540003296	0.907516800099984	165.256437163529	1
80	20018	58	2	80	101.842076115328	-21.8420761153278	21.6832078749621	-3.84207611532777	98	0	1	0	16	0	0.505079200025648	0.0269886000314727	118.072486935853	0
74	20018	58	2	74	85.4153371242683	-11.4153371242683	-16.4267389910595	12.5846628757317	98	0	2	1	16	0	0.528754699975252	0.0321865000296384	99.7824070318073	0
56	20018	58	2	56	83.3201139367774	-27.3201139367774	-2.09522318749084	14.6798860632226	98	0	3	0	16	0	1.41571480000857	0.156151399947703	69.7751405688319	0
82	20018	58	2	82	101.190979469468	-19.1909794694678	17.8708655326903	-3.19097946946778	98	0	4	0	16	1	0.864681900013238	0.331474900012836	66.8014094863518	0
101	20018	58	2	101	92.2311746080313	8.76882539196875	-8.95980486143652	5.76882539196874	98	0	5	1	16	0	0.946036900044419	0.402291500009596	99.8658069430844	0
101	20018	58	2	101	99.1301764822787	1.8698235177213	6.89900187424745	-1.13017648227871	98	0	6	1	16	0	0.902181899989955	0.139125699992292	118.610459665965	0
68	20018	58	2	68	101.027132305061	-33.0271323050607	1.89695582278202	-3.02713230506072	98	0	7	0	16	0	1.03400540002622	0.356707099941559	135	0
124	20018	58	2	124	94.9584509194854	29.0415490805146	-6.06868138557535	3.04154908051463	98	0	8	0	16	0	0.86976999999024	0.356572799966671	86.1859251657096	0
110	20018	58	2	110	112.963773059855	-2.96377305985454	18.0053221403692	-14.9637730598545	98	0	9	1	16	0	0.954357200069353	0.376170200062916	137.121096396661	0
120	20018	58	2	120	107.258954292904	12.7410457070959	-5.70481876695046	-9.25895429290408	98	0	10	1	16	0	0.849120400031097	0.339282599976286	101.888658039628	0
72	20018	58	2	72	99.528675136687	-27.528675136687	-7.73027915621704	-1.52867513668704	98	0	11	0	16	1	2.43611339991912	0.286093799979426	137.290610042639	0
97	20018	58	2	97	90.7252242990592	6.27477570094075	-8.80345083762779	7.27477570094075	98	0	12	1	16	0	2.11691619991325	0.385029899887741	85.0302592718897	0
114	20018	58	2	114	86.9739649169746	27.0260350830254	-3.75125938208466	11.0260350830254	98	0	13	0	16	0	0.868262599920854	0.0205220999196172	90	0
88	20018	58	2	88	110.877364133579	-22.8773641335791	23.9033992166045	-12.8773641335791	98	0	14	0	16	0	0.794815300032496	0.098606999963522	115.463345061872	0
98	20018	58	2	98	89.7661409741268	8.23385902587324	-21.1112231594523	8.23385902587324	98	0	15	1	16	0	1.06216560001485	0.400112600065768	66.5014343240479	0
84	20018	58	2	84	91.9233891775197	-7.92338917751965	2.1572482033929	6.07661082248034	98	0	16	1	16	0	0.764650899916887	0.120973799959756	140.194428907735	0
77	20018	58	2	77	96.6820165722579	-19.6820165722579	4.75862739473821	1.31798342774213	98	0	17	0	16	1	1.82751660002396	0.226416900055483	90	0
114	20018	58	2	114	96.9810574068298	17.0189425931702	0.299040834571927	1.01894259317021	98	0	18	0	16	0	1.11038109997753	0.429462599917315	90	0
87	20018	58	2	87	94.6533515872684	-7.65335158726839	-2.3277058195614	3.34664841273161	98	0	19	1	16	0	1.10368589998689	0.308145600021817	93.0127875041833	0
100	20018	58	2	100	95.4602125921484	4.53978740785164	0.80686100487997	2.53978740785164	98	0	20	1	16	0	1.00430980010424	0.0422973000677302	97.4314079711725	0
139	20018	58	2	139	97.3297477167587	41.6702522832413	1.8695351246104	0.670252283241244	98	0	21	0	16	0	1.18054660002235	0.283077299944125	112.833654177918	0
64	20018	58	2	64	109.033316410219	-45.0333164102194	11.7035686934606	-11.0333164102194	98	0	22	0	16	0	1.06673570000567	0.0761721999151632	176.18592516571	0
91	20018	58	2	91	84.2109911548277	6.7890088451723	-24.8223252553917	13.7890088451723	98	0	23	1	16	0	0.868138100020587	0.207395199919119	45	0
97	20018	58	2	97	94.3400207259644	2.65997927403555	10.1290295711367	3.65997927403556	98	0	24	1	16	0	0.522892400040291	0.0261075000744313	102.264773727892	0
108	20018	58	2	108	102.709388136256	5.29061186374423	8.36936741029133	-4.70938813625577	98	0	25	1	16	0	0.724911500001326	0.0474359999643639	109.9831065219	0
85	20018	58	2	85	86.5317707410828	-1.53177074108282	-16.1776173951729	11.4682292589172	98	0	26	1	16	0	1.06812310009263	0.321153600001708	83.2901631922431	0
94	20018	58	2	94	97.6896349027453	-3.68963490274525	11.1578641616624	0.310365097254746	98	0	27	1	16	0	0.887996600009501	0.277712899958715	203.198590513648	0
136	20018	58	2	136	92.6133462753092	43.3866537246908	-5.076288627436	5.38665372469075	98	0	28	0	16	0	0.632384399999864	0.120459400000982	90	0
112	20018	58	2	112	70.6341824612896	41.3658175387104	-21.9791638140196	27.3658175387104	98	0	29	0	16	0	0.858230600017123	0.261371499975212	6.58194465517801	0
103	20018	58	2	103	104.991084721799	-1.99108472179867	34.356902260509	-6.99108472179868	98	0	30	1	16	0	0.728621099959128	0.149613499990664	138.81407483429	0
115	20018	58	2	115	114.396758926583	0.603241073417321	9.405674204784	-16.3967589265827	98	0	31	1	16	0	0.779650000040419	0.299081500037573	119.475889003246	0
98	20018	58	2	98	123.375604275651	-25.3756042756511	8.97884534906842	-25.3756042756511	98	0	32	0	16	0	0.862705899984576	0.1561636000406	111.801409486352	0
94	20018	58	2	94	114.962789830807	-20.962789830807	-8.41281444484407	-16.962789830807	98	0	33	0	16	0	0.812554299947806	0.101015099906363	75.0685828218624	0
112	20018	58	2	112	95.7545653311022	16.2454346688978	-19.2082244997048	2.24543466889781	98	0	34	0	16	0	0.686692599905655	0.246327099972405	86.8201698801358	0
112	20018	58	2	112	107.592424562182	4.4075754378184	11.8378592310794	-9.59242456218161	98	0	35	1	16	0	0.804422300076112	0.179152800003067	96.3401917459099	0
102	20018	58	2	102	108.763287804693	-6.76328780469273	1.17086324251113	-10.7632878046927	98	0	36	1	16	0	0.944106700015254	0.332085200003348	128.65980825409	0
69	20018	58	2	69	104.613176047053	-35.6131760470532	-4.15011175763951	-35.6131760470532	69	1	0	0	16	0	0.633359900093637	0.240332500077784	121.607502246249	0
70	20018	58	2	70	89.4929709390852	-19.4929709390852	-15.120205107968	-20.4929709390852	69	0	1	0	16	0	0.931189800030552	0.386109099956229	100.619655276155	0
77	20018	58	2	77	79.406754392181	-2.40675439218102	-10.0862165469042	-10.406754392181	69	0	2	1	16	0	0.533619199995883	0.0209796999115497	79.3803447238449	0
56	20018	58	2	56	68.3131055767141	-12.3131055767141	-11.0936488154669	0.686894423285865	69	0	3	1	16	1	1.05578539997805	0.0890126000158489	60.2551187030577	0
77	20018	58	2	77	56.4639530156925	20.5360469843075	-11.8491525610216	12.5360469843075	69	0	4	0	16	0	1.08084590011276	0.0679376000771299	54.4623222080256	0
95	20018	58	2	95	75.9637565320735	19.0362434679265	19.499803516381	-6.96375653207355	69	0	5	0	16	0	0.931678800028749	0.321270800079219	86.0548137709624	0
58	20018	58	2	58	75.2564371635293	-17.2564371635293	-0.707319368544283	-6.25643716352926	69	0	6	0	16	0	0.773594700032845	0.0619017999852076	73.3007557660064	0
58	20018	58	2	58	70.1447856306789	-12.1447856306789	-5.11165153285031	-1.14478563067895	69	0	7	1	16	0	0.693663700018078	0.185385399963707	45	0
65	20018	58	2	65	52.6855271483816	12.3144728516184	-17.4592584822974	16.3144728516184	69	0	8	1	16	0	0.948233700008132	0.268355400068685	37.5685920288275	0
62	20018	58	2	62	55.7931031202231	6.20689687977687	3.10757597184153	13.2068968797769	69	0	9	1	16	0	0.645374000072479	0.0625112000852823	93.3664606634298	0
83	20018	58	2	83	67.4667499209957	15.5332500790043	11.6736468007726	1.53325007900429	69	0	10	0	16	0	0.874070200021379	0.248466900084168	71.565051177078	0
60	20018	58	2	60	82.9716037610504	-22.9716037610504	15.5048538400547	-13.9716037610504	69	0	11	0	16	0	1.00898409995716	0.339170500054024	119.054604099077	0
59	20018	58	2	59	68.5968171472063	-9.59681714720625	-14.3747866138442	0.403182852793746	69	0	12	1	16	0	1.1234567000065	0.0816987999714911	25.2011236454751	0
185	20018	58	3	185	61.5672699834878	123.432730016512	-7.0295471637184	136.432730016512	198	1	0	0	16	0	1.35285829997156	0.925570499966852	18.434948822922	1
193	20018	58	3	193	158.389735023919	34.6102649760806	96.8224650404315	39.6102649760806	198	0	1	0	16	0	0.795578100020066	0.0316588999703526	90	0
216	20018	58	3	216	185.273895957352	30.7261040426482	26.8841609334324	12.7261040426482	198	0	2	0	16	0	0.91990020009689	0.274220600025728	262.405356631409	0
205	20018	58	3	205	201.226458594927	3.77354140507249	15.9525626375757	-3.22645859492751	198	0	3	1	16	0	1.12777000002097	0.00585289997979999	188.337444438847	0
191	20018	58	3	191	205.489200556287	-14.4892005562867	4.26274196135923	-7.48920055628674	198	0	4	0	16	0	0.769328599912114	0.240427599987015	233.130102354156	0
202	20018	58	3	202	175.704159488728	26.2958405112715	-29.7850410675582	22.2958405112715	198	0	5	0	16	0	0.790852800011635	0.0793375000357628	90	0
206	20018	58	3	206	206.565051177078	-0.56505117707798	30.8608916883495	-8.56505117707799	198	0	6	1	16	0	0.817876699962653	0.303983099991456	135	0
182	20018	58	3	182	201.095956206966	-19.0959562069661	-5.46909497011192	-3.09595620696607	198	0	7	0	16	0	0.977929500048049	0.350267300033011	217.234833981575	0
212	20018	58	3	212	197.250943884785	14.749056115215	-3.84501232218109	0.74905611521502	198	0	8	0	16	1	0.895065099932253	0.328334899968468	155.556045219583	0
220	20018	58	3	220	215.176919208215	4.82308079178488	17.9259753234301	-17.1769192082151	198	0	9	1	16	0	2.06654899998102	0.421051200013608	266.18592516571	0
203	20018	58	3	203	218.620751832387	-15.6207518323869	3.44383262417175	-20.6207518323869	198	0	10	0	16	0	1.07188239996321	0.203611999982968	270	0
228	20018	58	3	228	208.502436076929	19.4975639230714	-10.1183157554582	-10.5024360769286	198	0	11	0	16	0	1.09930420003366	0.370661700027995	249.775140568832	0
188	20018	58	3	188	218.141699276228	-30.141699276228	9.63926319929941	-20.141699276228	198	0	12	0	16	0	0.901895699906163	0.00520879996474832	204.833093124436	0
196	20018	58	3	196	197.735306509169	-1.73530650916895	-20.4063927670591	0.26469349083105	198	0	13	1	16	1	1.29848859994672	0.163722599972971	10.6196552761551	0
168	20018	58	3	168	197.487997376149	-29.4879973761485	-0.247309133020394	0.512002623851444	198	0	14	0	16	0	1.45432410005014	0.460365100065246	209.744881296942	0
207	20018	58	3	207	197.164888727158	9.83511127284162	-0.323108648990177	0.835111272841622	198	0	15	1	16	1	1.97711809992325	0.342721399967559	126.253837737445	0
186	20018	58	3	186	195.422161318739	-9.42216131873867	-1.7427274084197	2.57783868126132	198	0	16	1	16	0	2.97493160003796	0.828970900038257	266.423665625003	0
190	20018	58	3	190	194.338115171612	-4.33811517161178	-1.08404614712689	3.66188482838821	198	0	17	1	16	0	1.40093360003084	0.244578900048509	270	0
203	20018	58	3	203	210.579226872489	-7.57922687248902	16.2411117008772	-12.579226872489	198	0	18	1	16	0	0.931729399948381	0.256699300021864	270	0
208	20018	58	3	208	200.64699082497	7.35300917502963	-9.93223604751864	-2.64699082497039	198	0	19	1	16	0	1.04694879997987	0.198998800013214	176.18592516571	0
95	20018	58	3	95	183.641185257901	-88.6411852579014	-17.005805567069	-70.6411852579014	113	1	0	0	16	0	0.64826719998382	0.0355508999200538	183.36646066343	0
98	20018	58	3	98	113.112366681804	-15.1123666818038	-70.5288185760976	-0.112366681803764	113	0	1	0	16	1	3.75894690002315	0.00189219997264445	130.971736333515	0
102	20018	58	3	102	104.858614447925	-2.85861444792467	-8.2537522338791	8.14138555207533	113	0	2	1	16	0	1.10669369995594	0.144585800007917	106.389540334035	0
123	20018	58	3	123	106.25033803379	16.7496619662096	1.39172358586573	6.74966196620961	113	0	3	0	16	0	0.953931199968792	0.325473699951544	149.53445508054	0
131	20018	58	3	131	115.7960264945	15.2039735055	9.54568846070955	-2.79602649449995	113	0	4	0	16	0	0.996082499972545	0.266721199965104	188.530765609948	0
125	20018	58	3	125	119.744881296942	5.25511870305778	3.94885480244227	-6.74488129694222	113	0	5	1	16	0	2.54139320005197	0.0443532000062987	218.65980825409	0
70	20018	58	3	70	119.712565575883	-49.7125655758832	-0.0323157210589864	-6.71256557588323	113	0	6	0	16	0	0.832170199952088	0.0367475999519229	137.489552921999	0
96	20018	58	3	96	93.8140748342904	2.18592516570966	-25.8984907415929	19.1859251657097	113	0	7	1	16	0	0.64504069997929	0.149513900047168	97.1250163489018	0
118	20018	58	3	118	99.0794551663919	18.9205448336081	5.26538033210158	13.9205448336081	113	0	8	0	16	0	0.818291899980977	0.341357100056484	92.6025622024998	0
121	20018	58	3	121	111.60356573016	9.39643426983981	12.5241105637683	1.39643426983981	113	0	9	1	16	0	1.17808999994304	0.452632499975152	156.801409486352	0
95	20018	58	3	95	115.327371945407	-20.3273719454071	3.72380621524694	-2.32737194540714	113	0	10	0	16	0	1.14261640002951	0.126167400041595	244.9831065219	0
78	20018	58	3	78	111.655989038422	-33.6559890384225	-3.67138290698465	1.34401096157751	113	0	11	0	16	0	1.60757819993887	0.0952037998940796	64.9831065219	0
114	20018	58	3	114	86.6335393365702	27.3664606634298	-25.0224497018523	26.3664606634298	113	0	12	0	16	0	0.918601999990642	0.339831999968737	84.2894068625004	0
126	20018	58	3	126	107.447188423282	18.5528115767178	20.813649086712	5.55281157671781	113	0	13	0	16	0	0.620907700038515	0.0589654999785125	270	0
124	20018	58	3	124	116.200114841347	7.79988515865266	8.75292641806514	-3.20011484134733	113	0	14	1	16	0	0.484879499999806	0.014716099947691	111.447736327105	0
95	20018	58	3	95	110.059424531394	-15.0594245313943	-6.14069030995302	2.94057546860569	113	0	15	0	16	0	0.639337300090119	0.0594853000948206	161.565051177078	0
112	20018	58	3	112	104.322719978204	7.67728002179645	-5.73670455319076	8.67728002179646	113	0	16	1	16	0	0.829465700080618	0.219513099989854	86.9872124958167	0
88	20018	58	3	88	126.011598115813	-38.0115981158125	21.688878137609	-13.0115981158125	113	0	17	0	16	0	1.00019789999351	0.0237796999281272	93.8140748342904	0
128	20018	58	3	128	113.041959467218	14.958040532782	-12.9696386485945	-0.0419594672180465	113	0	18	0	16	1	1.40670709998813	0.37385610002093	124.695153531234	0
93	20018	58	3	93	123.812887872717	-30.8128878727173	10.7709284054992	-10.8128878727173	113	0	19	0	16	0	0.747642199974507	0.317637700005434	112.38013505196	0
112	20018	58	3	112	92.9070541783153	19.0929458216847	-30.905833694402	20.0929458216847	113	0	20	0	16	0	0.79740049992688	0.434985099942423	93.8140748342904	0
93	20018	58	3	93	125.261504501221	-32.2615045012209	32.3544503229056	-12.2615045012209	113	0	21	0	16	0	0.634120500064455	0.205368799972348	127.568592028827	0
110	20018	58	3	110	114.932061174805	-4.93206117480505	-10.3294433264158	-1.93206117480504	113	0	22	1	16	1	1.31038899999112	0.276388800004497	135	0
109	20018	58	3	109	125.436716170457	-16.4367161704569	10.5046549956519	-12.4367161704569	113	0	23	0	16	0	0.655271199997514	0.0414216999197379	116.565051177078	0
138	20018	58	3	138	113.489725099026	24.5102749009741	-11.946991071431	-0.489725099025934	113	0	24	0	16	0	1.72872810007539	0.0319636999629438	100.619655276155	0
267	20018	58	3	267	116.640143898844	150.359856101156	3.1504187998177	-165.640143898844	311	1	0	0	16	0	0.819032000028528	0.242313800030388	183.81407483429	0
323	20018	58	3	323	273.087651284985	49.912348715015	156.447507386141	37.912348715015	311	0	1	0	16	0	3.1244409000501	0.0609374000923708	296.565051177078	0
335	20018	58	3	335	290.854458039578	44.1455419604217	17.7668067545933	20.1455419604216	311	0	2	0	16	0	1.0794387999922	0.413019000086933	360	0
335	20018	58	3	335	316.447599686857	18.5524003131435	25.5931416472782	-5.44759968685652	311	0	3	0	16	0	0.922123800031841	0.0982738999882713	58.3924977537511	0
304	20018	58	3	304	316.501792522359	-12.5017925223593	0.0541928355027923	-5.50179252235931	311	0	4	1	16	0	0.65918459999375	0.0642024000408128	321.34019174591	0
103	20018	58	4	103	13.2048327323135	89.7951672676865	56.7030402099542	73.7951672676865	87	1	0	0	16	0	2.20171559997834	1.25543100002687	155.772254682046	1
83	20018	58	4	83	100.030213319733	-17.0302133197328	86.8253805874193	-13.0302133197328	87	0	1	0	16	0	0.596796500030905	0.0348221000749618	90	0
112	20018	58	4	112	97.6377769460236	14.3622230539764	-2.3924363737092	-10.6377769460236	87	0	2	0	16	0	0.54434499994386	0.0643593999557197	71.565051177078	0
112	20018	58	4	112	110.206418562956	1.79358143704392	12.5686416169324	-23.2064185629561	87	0	3	1	16	0	0.670545100001618	0.197635099990293	100.619655276155	0
78	20018	58	4	78	88.4601617113764	-10.4601617113764	-21.7462568515797	-1.46016171137638	87	0	4	1	16	1	1.70657469995786	0.255151099991053	95.7105931374996	0
94	20018	58	4	94	85.2205000811946	8.77949991880536	-3.23966163018173	1.77949991880535	87	0	5	1	16	0	1.14905700006057	0.13528339995537	84.5596679689945	0
69	20018	58	4	69	93.3246491071108	-24.3246491071108	8.10414902591619	-6.32464910711084	87	0	6	0	16	0	0.65394839993678	0.0233513000421226	114.904768808095	0
105	20018	58	4	105	88.2567535156942	16.7432464843058	-5.06789559141665	-1.25675351569419	87	0	7	0	16	0	0.809774199966341	0.108021999942139	93.3664606634298	0
101	20018	58	4	101	92.9903449751654	8.00965502483463	4.73359145947119	-5.99034497516538	87	0	8	1	16	0	0.688065399997868	0.31268860003911	90	0
67	20018	58	4	67	105.851928154287	-38.8519281542869	12.8615831791216	-39.851928154287	66	1	0	0	16	0	0.702037199982442	0.0218749999767169	97.5946433685914	0
58	20018	58	4	58	85.1403855690276	-27.1403855690276	-20.7115425852594	-19.1403855690276	66	0	1	0	16	0	0.661811999976635	0.235456799971871	78.6900675259798	0
77	20018	58	4	77	64.8851651138555	12.1148348861445	-20.2552204551721	1.11483488614454	66	0	2	1	16	0	0.603883900097571	0.225745500065386	82.8749836510982	0
57	20018	58	4	57	87.9726772994998	-30.9726772994998	23.0875121856444	-21.9726772994998	66	0	3	0	16	0	0.721260400023311	0.277934700017795	90	0
81	20018	58	4	81	66.479727267116	14.520272732884	-21.4929500323838	-0.47972726711601	66	0	4	0	16	1	2.04586440010462	0.329215500038117	284.931417178138	0
63	20018	58	4	63	73.056144728791	-10.056144728791	6.57641746167496	-7.05614472879097	66	0	5	1	16	0	1.03503560007084	0.037541100056842	90	0
66	20018	58	4	66	48.33091738045	17.66908261955	-24.7252273483409	17.66908261955	66	0	6	0	16	0	1.15321120002773	0.288460099953227	62.3540246362613	0
76	20018	58	4	76	65.8928771975528	10.1071228024472	17.5619598171027	0.107122802447236	66	0	7	1	16	0	1.22644909995142	0.284750699996948	96.581944655178	0
256	20018	58	4	256	77.3092095008452	178.690790499155	11.4163323032924	-156.309209500845	281	1	0	0	16	0	1.06119769997895	0.0310903999488801	265.601294645004	0
252	20018	58	4	252	247.851947848916	4.14805215108432	170.542738348071	33.1480521510843	281	0	1	1	16	0	0.759986799908802	0.0640347999287769	276.709836807757	0
291	20018	58	4	291	254.197486046065	36.8025139539355	6.34553819714882	26.8025139539355	281	0	2	0	16	0	1.26170569995884	0.334578800015152	297.897271030948	0
300	20018	58	4	300	274.882759563833	25.117240436167	20.6852735177685	6.11724043616702	281	0	3	0	16	0	0.655654100002721	0.0432715999195352	323.130102354156	0
264	20018	58	4	264	287.250943884785	-23.250943884785	12.368184320952	-6.25094388478498	281	0	4	0	16	0	1.0193618000485	0.124332700041123	23.6293777306568	0
258	20018	58	4	258	280.988651096494	-22.988651096494	-6.26229278829103	0.011348903506059	281	0	5	0	16	1	2.19375630002469	0.427354900049977	266.18592516571	0
273	20018	58	4	273	273.02724518228	-0.0272451822800008	-7.96140591421396	7.97275481772001	281	0	6	1	16	0	1.32198529993184	0.410105100017972	102.804266065287	0
322	20018	58	4	322	269.770818104246	52.2291818957541	-3.25642707803412	57.2291818957541	327	1	0	0	16	0	0.814730999991298	0.137398899998516	280.619655276155	0
322	20018	58	4	322	302.005383208084	19.9946167919165	32.2345651038376	24.9946167919165	327	0	1	0	16	0	0.827173899975605	0.287746999994852	300.46554491946	0
345	20018	58	4	345	338.252592174862	6.74740782513842	36.2472089667781	-11.2525921748616	327	0	2	1	16	1	2.92978110001422	0.00175689999014139	296.565051177078	0
320	20018	58	4	320	338.314222605929	-18.3142226059287	0.0616304310671201	-11.3142226059287	327	0	3	0	16	0	1.44112129998393	0.464038499980234	356.423665625003	0
139	20018	58	4	139	323.714732874861	175.285267125139	-14.5994897310675	-151.714732874861	172	1	0	0	16	0	1.17923019989394	0.35222239990253	308.157226587369	0
171	20018	58	4	171	148.448615051687	22.5513849483135	-175.266117823175	23.5513849483135	172	0	1	0	16	0	0.92265409999527	0.211948300013319	360	0
147	20018	58	4	147	169.412678681763	-22.4126786817629	20.9640636300763	2.58732131823715	172	0	2	0	16	0	0.619874100084417	0.0921115000965074	177.614055969611	0
175	20018	58	4	175	154.007887520605	20.9921124793945	-15.4047911611574	17.9921124793945	172	0	3	0	16	0	1.50720490003005	0.366417700075544	266.18592516571	0
173	20018	58	4	173	163.327442200739	9.67255779926147	9.31955468013304	8.67255779926148	172	0	4	1	16	0	0.987949000089429	0.174006800050847	186.34019174591	0
347	20018	58	4	347	173.123169262563	173.876830737437	9.79572706182469	162.876830737437	336	1	0	0	16	0	0.878974699997343	0.271691199974157	222.510447078001	0
342	20018	58	4	342	357.577392541876	-15.5773925418762	-175.545776720687	-21.5773925418762	336	0	1	0	16	0	0.606348600005731	0.0135166000109166	356.18592516571	0
348	20018	58	4	348	339.512985806669	8.48701419333068	-18.0644067352069	-3.51298580666928	336	0	2	1	16	0	1.01792000001296	0.336997700040229	313.602818972704	0
310	20018	58	4	310	357.121630500266	-47.1216305002659	17.6086446935966	-21.1216305002659	336	0	3	0	16	0	0.819409799994901	0.373886600020342	3.36646066342979	0
332	20018	58	4	332	332.805350214512	-0.805350214511702	-24.3162802857542	3.1946497854883	336	0	4	1	16	0	0.976126700057648	0.331031300011091	330.255118703058	0
0	20018	58	4	0	336.724191501414	23.2758084985862	3.9188412869021	-0.724191501413797	336	0	5	0	16	1	3.19727090001106	0.412996600032784	313.451842301022	0
337	20018	58	4	337	347.027293638952	-10.0272936389516	10.3031021375378	-11.0272936389516	336	0	6	1	16	0	0.917050200048834	0.192991400021128	57.2647737278924	0
342	20018	58	4	342	338.254109662467	3.74589033753344	-8.77318397648505	-2.25410966246654	336	0	7	1	16	0	0.765404800069518	0.190736899967305	333.434948822922	0
318	20018	58	4	318	338.702645950966	-20.7026459509662	0.448536288499704	-2.70264595096624	336	0	8	0	16	0	0.867914299946278	0.227387699997053	20.5560452195834	0
347	20018	58	4	347	339.245928681201	7.75407131879938	0.543282730234357	-3.2459286812006	336	0	9	1	16	0	0.74821869994048	0.052536099916324	339.443954780417	0
319	20018	58	4	319	349.540090907071	-30.5400909070709	10.2941622258703	-13.5400909070709	336	0	10	0	16	0	1.07132099999581	0.273843400063924	11.7682889320207	0
343	20018	58	4	343	335.890824762408	7.10917523759154	-13.6492661446624	0.109175237591571	336	0	11	1	16	1	0.813333200057968	0.362832400016487	331.189206257027	0
132	20018	58	4	132	349.569780034371	142.430219965629	13.6789552719624	142.430219965629	132	1	0	0	16	0	0.792654199991375	0.232267400017008	47.1210963966615	0
136	20018	58	4	136	126.528855366985	9.47114463301485	136.959075332614	5.47114463301483	132	0	1	1	16	0	1.17156230006367	0.0409850000869483	336.801409486352	0
128	20018	58	4	128	131.393004311743	-3.39300431174343	4.86414894475826	0.606995688256576	132	0	2	1	16	1	2.26233820000198	0.00636400002986193	131.820169880136	0
133	20018	58	4	133	122.085367957679	10.914632042321	-9.30763635406441	9.91463204232098	132	0	3	1	16	0	0.880522700026631	0.102385599981062	98.9726266148964	0
132	20018	58	4	132	132.273689006094	-0.273689006093706	10.1883210484147	-0.273689006093706	132	0	4	1	16	1	1.25370350002777	0.0885146999498829	172.405356631409	0
218	20018	58	4	218	136.10474036715	81.8952596328495	3.83105136105674	77.8952596328495	214	1	0	0	16	0	0.955638199928217	0.327336499933153	137.121096396661	0
89	20018	58	1	89	219.957548930829	-130.957548930829	NaN	-101.957548930829	118	1	0	0	8	0	3.70954880001955	1.51063630008139	113.962488974578	1
94	20018	58	1	94	112.479434397103	-18.4794343971031	-107.478114533726	5.5205656028969	118	0	1	1	8	1	2.19019009999465	0.0383781999116763	66.3706222693432	0
145	20018	58	1	145	103.403484480273	41.5965155197272	-9.07594991683028	14.5965155197272	118	0	2	0	8	0	1.68314580002334	0.386572199990042	128.290163192243	0
96	20018	58	1	96	147.23150092123	-51.2315009212302	43.8280164409574	-29.2315009212302	118	0	3	0	8	0	1.70811090001371	0.514742700033821	186.709836807757	0
123	20018	58	1	123	128.972469704479	-5.97246970447872	-18.2590312167515	-10.9724697044787	118	0	4	1	8	0	1.05523299996275	0.281173700001091	126.253837737445	0
328	20018	58	1	328	106.340805631147	-138.340805631147	-22.6316640733321	-111.340805631147	355	1	0	0	8	0	1.19156229996588	0.378253799979575	106.699244233994	0
348	20018	58	1	348	8.56088957116458	-20.5608895711646	-97.7799160599821	-13.5608895711646	355	0	1	0	8	1	2.49378959997557	0.243974299984984	306.869897645844	0
303	20018	58	1	303	0.318306611451362	-57.3183066114514	-8.24258295971322	-5.31830661145137	355	0	2	0	8	0	2.16372419998515	0.499005499994382	253.300755766006	0
330	20018	58	1	330	326.225797762814	3.77420223718556	-34.092508848637	28.7742022371856	355	0	3	1	8	0	4.05859640007839	0.41012670006603	296.565051177078	0
0	20018	58	1	0	354.878683489221	5.12131651077861	28.652885726407	0.121316510778615	355	0	4	1	8	0	1.2589971999405	0.416474499972537	345.379126011368	0
319	20018	58	1	319	334.230672375661	-15.2306723756613	-20.6480111135601	20.7693276243387	355	0	5	1	8	0	0.821096499916166	0.0594610000262037	255.068582821862	0
117	20018	58	1	117	293.629377730657	-176.629377730657	-40.6012946450045	141.370622269343	75	1	0	0	8	0	1.23645289998967	0.474971099989489	237.994616791916	0
79	20018	58	1	79	138.36646066343	-59.3664606634298	-155.262917067227	-63.3664606634298	75	0	1	0	8	0	1.23308949999046	0.0390254000667483	124.508522987668	0
86	20018	58	1	86	62.7157927063769	23.2842072936231	-75.6506679570529	12.2842072936231	75	0	2	0	8	0	1.27188779995777	0.30999629991129	55.304846468766	0
83	20018	58	1	83	69.590117166196	13.409882833804	6.87432445981909	5.40988283380398	75	0	3	1	8	1	4.28776410000864	1.43502350000199	126.869897645844	0
52	20018	58	1	52	104.67639313745	-52.67639313745	35.086275971254	-29.67639313745	75	0	4	0	8	0	3.00809210003354	0.861294899950735	115.0168934781	0
103	20018	58	1	103	71.9165546169513	31.0834453830487	-32.7598385204987	3.08344538304869	75	0	5	0	8	1	2.42707079998218	0.00312590005341917	43.6279083505394	0
85	20018	58	1	85	123.69006752598	-38.6900675259798	51.7735129090285	-48.6900675259798	75	0	6	0	8	0	1.60163659998216	0.370029399986379	132.709389957361	0
65	20018	58	1	65	106.241071037454	-41.2410710374543	-17.4489964885255	-31.2410710374543	75	0	7	0	8	0	2.74688929994591	1.518738499959	66.8014094863518	0
90	20018	58	1	90	58.052520541292	31.947479458708	-48.1885504961623	16.947479458708	75	0	8	0	8	0	0.829282200080343	0.28433519997634	26.565051177078	0
91	20018	58	1	91	82.6569918829932	8.34300811700683	24.6044713417012	-7.65699188299316	75	0	9	1	8	1	1.21748659992591	0.350004800013267	150.642246457209	0
73	20018	58	1	73	86.5491568062488	-13.5491568062489	3.89216492325568	-11.5491568062488	75	0	10	1	8	0	0.998552199918777	0.0528365999925882	227.489552921999	0
90	20018	58	1	90	71.7146481726805	18.2853518273195	-14.8345086335684	3.28535182731952	75	0	11	1	8	1	1.92822190001607	0.0607116000028327	96.7098368077569	0
119	20018	58	1	119	92.7657618342495	26.2342381657505	21.051113661569	-17.7657618342495	75	0	12	0	8	0	1.06553909997456	0.255595199996606	128.157226587369	0
83	20018	58	1	83	109.003622749411	-26.003622749411	16.2378609151615	-34.003622749411	75	0	13	0	8	0	1.3440689999843	0.330301800044253	118.810793742973	0
31	20018	58	1	31	77.0272936389516	-46.0272936389516	-31.9763291104594	-2.02729363895161	75	0	14	0	8	0	0.962819200009108	0.281792900059372	86.9872124958167	0
105	20018	58	1	105	57.3515591500302	47.6484408499698	-19.6757344889214	42.6484408499698	100	1	0	0	8	0	1.11391299997922	0.335589300026186	18.434948822922	0
111	20018	58	1	111	88.9139541739936	22.0860458260064	31.5623950239634	11.0860458260064	100	0	1	0	8	0	1.4074676000746	0.130490900017321	135	0
107	20018	58	1	107	104.202558761364	2.79744123863632	15.2886045873701	-4.20255876136368	100	0	2	1	8	0	1.40488799999002	0.196768300025724	293.198590513648	0
96	20018	58	1	96	117.4567422846	-21.4567422845999	13.2541835232362	-17.4567422845999	100	0	3	0	8	0	1.06851870007813	0.0552483000792563	109.440034828176	0
70	20018	58	1	70	80.4237131893839	-10.4237131893839	-37.033029095216	19.5762868106161	100	0	4	1	8	0	0.96974950004369	0.291512300027534	90	0
124	20018	58	1	124	65.3851269278949	58.6148730721051	-15.0385862614891	34.6148730721051	100	0	5	0	8	0	1.04938290000428	0.324446900049224	70.9065079995144	0
63	20018	58	1	63	131.489321569733	-68.4893215697327	66.1041946418378	-31.4893215697327	100	0	6	0	8	0	0.948037900030613	0.0836580999894068	147.094757077012	0
84	20018	58	1	84	80.0165055729284	3.98349442707161	-51.4728159968043	19.9834944270716	100	0	7	1	8	0	1.19221170002129	0.262956000049599	87.2736890060937	0
82	20018	58	1	82	97.3190193755904	-15.3190193755904	17.302513802662	2.68098062440957	100	0	8	1	8	0	0.846417600056157	0.268003800068982	87.7974018382342	0
93	20018	58	1	93	92.1210963966615	0.878903603338548	-5.19792297892898	7.87890360333855	100	0	9	1	8	0	1.04511860001367	0.282865199958906	81.5730309785193	0
73	20018	58	1	73	104.142346642033	-31.1423466420327	12.0212502453712	-4.1423466420327	100	0	10	0	8	0	0.951929699978791	0.119522799970582	94.9697407281103	0
107	20018	58	1	107	62.3762150997192	44.6237849002808	-41.7661315423135	37.6237849002808	100	0	11	0	8	0	0.947367699933238	0.401955400011502	156.801409486352	0
96	20018	58	1	96	90.8780274994729	5.12197250052712	28.5018123997537	9.12197250052711	100	0	12	1	8	0	1.01910699997097	0.0221539000049233	149.931417178138	0
140	20018	58	1	140	107.673306812035	32.3266931879653	16.7952793125618	-7.67330681203468	100	0	13	0	8	0	0.762034700019285	0.401798899983987	99.4623222080256	0
87	20018	58	1	87	98.9510706416798	-11.9510706416798	-8.72223617035491	1.04892935832023	100	0	14	1	8	1	1.90732420003042	0.255846700049005	100.619655276155	0
101	20018	58	1	101	87.285422730999	13.714577269001	-11.6656479106808	12.714577269001	100	0	15	1	8	0	1.07500139996409	0.398247400065884	87.1375947738882	0
103	20018	58	1	103	103.760785111791	-0.760785111791234	16.4753623807923	-3.76078511179124	100	0	16	1	8	0	0.939612200018018	0.308863000012934	100.007979801441	0
68	20018	58	1	68	60.7630842296494	7.23691577035061	-42.9977008821418	39.2369157703506	100	0	17	1	8	0	1.37002040003426	0.30667129997164	90	0
136	20018	58	1	136	100.130887970825	35.8691120291755	39.3678037411752	-0.130887970824562	100	0	18	0	8	1	4.34982010000385	0.36411990004126	74.7448812969423	0
4	20018	58	1	4	111.092339505827	-107.092339505828	10.9614515350029	-125.092339505828	346	1	0	0	8	0	3.7682639999548	0.418415399966761	98.9726266148964	0
335	20018	58	1	335	19.7260941755193	-44.7260941755193	-91.3662453303082	-33.7260941755193	346	0	1	0	8	0	1.18116899998859	0.0109975000377744	68.0435978001557	0
330	20018	58	1	330	350.024873279541	-20.0248732795414	-29.701220895978	-4.02487327954135	346	0	2	1	8	0	1.17323810001835	0.293043999932706	32.2756443145776	0
346	20018	58	1	346	346.184974658738	-0.184974658738382	-3.83989862080297	-0.184974658738382	346	0	3	1	8	0	1.60232109995559	0.239772600005381	53.130102354156	0
98	20018	58	2	98	229.163612620053	-131.163612620053	-117.021362038685	-89.1636126200533	140	1	0	0	8	0	2.07147960003931	1.24124899995513	220.236358309274	1
112	20018	58	2	112	105.57955339811	6.42044660188956	-123.584059221943	34.4204466018895	140	0	1	1	8	0	1.03645909996703	0.295169199933298	356.423665625003	0
122	20018	58	2	122	86.9529104966143	35.0470895033857	-18.6266429014962	53.0470895033857	140	0	2	0	8	0	0.663207400008105	0.342579399934039	61.927513064147	0
146	20018	58	2	146	119.683140179123	26.3168598208767	32.730229682509	20.3168598208767	140	0	3	0	8	0	0.718357799923979	0.323862799908966	169.992020198559	0
175	20018	58	2	175	140.233861647216	34.7661383527836	20.5507214680931	-0.233861647216426	140	0	4	0	8	0	0.739906299975701	0.0637773000635207	168.111341960372	0
143	20018	58	2	143	148.134022306396	-5.13402230639633	7.90016065917993	-8.13402230639635	140	0	5	1	8	0	1.3082543000346	0.396944500040263	143.746162262555	0
138	20018	58	2	138	157.994146137752	-19.9941461377522	9.86012383135585	-17.9941461377522	140	0	6	1	8	0	1.11416560004	0.372602600022219	126.869897645844	0
116	20018	58	2	116	143.014236426127	-27.0142364261275	-14.9799097116247	-3.01423642612751	140	0	7	0	8	0	1.13478950003628	0.242802800028585	75.9637565320735	0
152	20018	58	2	152	132.406493555211	19.5935064447891	-10.6077428709166	7.59350644478905	140	0	8	1	8	1	1.47702950006351	0.227317200042307	114.227745317954	0
52	20018	58	2	52	151.726476066312	-99.7264760663124	19.3199825111015	-107.726476066312	44	1	0	0	8	0	1.97676670004148	0.4144532000646	161.565051177078	0
34	20018	58	2	34	88.4252549342468	-54.4252549342468	-63.3012211320656	-44.4252549342468	44	0	1	0	8	0	0.704370799940079	0.127233700011857	29.4758890032458	0
65	20018	58	2	65	45.1818907524972	19.8181092475028	-43.2433641817497	-1.18189075249717	44	0	2	1	8	1	1.44058309996035	0.256527399993502	56.3099324740202	0
63	20018	58	2	63	71.8340434707745	-8.83404347077448	26.6521527182773	-27.8340434707745	44	0	3	1	8	0	0.989307199954055	0.145743899978697	127.568592028827	0
176	20018	58	2	176	59.8665589541845	116.133441045816	-11.96748451659	134.133441045816	194	1	0	0	8	0	0.976646599941887	0.316767300013453	28.072486935853	0
205	20018	58	2	205	168.421579427883	36.5784205721174	108.555020473698	25.5784205721174	194	0	1	0	8	0	1.1901486000279	0.0422971000662073	8.13010235415595	0
181	20018	58	2	181	184.190907527325	-3.19090752732528	15.7693280994427	9.8090924726747	194	0	2	1	8	0	1.54078370006755	0.447763900039718	225	0
192	20018	58	2	192	185.626745715141	6.37325428485931	1.43583818781541	8.37325428485929	194	0	3	1	8	0	1.39542160008568	0.284070300054736	107.354024636261	0
239	20018	58	2	239	176.474384802826	62.5256151971745	-9.15236091231518	17.5256151971745	194	0	4	0	8	0	1.02779630001169	0.0673702000640333	149.931417178138	0
192	20018	58	2	192	222.628157810211	-30.6281578102108	46.1537730073853	-28.6281578102108	194	0	5	0	8	0	1.17617380002048	0.265547799994238	277.594643368591	0
189	20018	58	2	189	187.125016348902	1.87498365109821	-35.503141461309	6.87498365109821	194	0	6	1	8	0	1.02683710004203	0.412425699993037	187.594643368591	0
204	20018	58	2	204	177.163339898875	26.8366601011255	-9.96167645002724	16.8366601011254	194	0	7	0	8	0	0.899448800017126	0.34247100003995	195.945395900923	0
188	20018	58	2	188	216.313645418763	-28.3136454187633	39.1503055198888	-22.3136454187634	194	0	8	0	8	0	1.15225040004589	0.256927500013262	260.537677791974	0
187	20018	58	2	187	197.998694973022	-10.9986949730216	-18.3149504457418	-3.99869497302158	194	0	9	1	8	0	0.899210199946538	0.318720799987204	160.559965171824	0
209	20018	58	2	209	199.583993770248	9.4160062297518	1.58529879722663	-5.58399377024821	194	0	10	1	8	0	0.86758409999311	0.426273699966259	212.005383208084	0
209	20018	58	2	209	211.481617183088	-2.48161718308802	11.8976234128398	-17.481617183088	194	0	11	1	8	0	0.81256630003918	0.0489228999940678	284.743562836471	0
103	20018	58	2	103	231.46593209894	-128.46593209894	19.9843149158515	-153.46593209894	78	1	0	0	8	0	1.59567499998957	0.365170900011435	252.34987578007	0
57	20018	58	2	57	110.532524785965	-53.532524785965	-120.933407312975	-32.532524785965	78	0	1	0	8	0	0.737425299943425	0.0418273999821395	96.3401917459099	0
106	20018	58	2	106	77.1522951412823	28.8477048587177	-33.3802296446827	0.847704858717683	78	0	2	0	8	0	0.79976500000339	0.0197299999417737	252.645975363739	0
90	20018	58	2	90	104.91475173954	-14.9147517395403	27.762456598258	-26.9147517395403	78	0	3	1	8	0	0.919349700096063	0.176756700035185	180	0
105	20018	58	2	105	94.8551684172068	10.1448315827932	-10.0595833223336	-16.8551684172068	78	0	4	1	8	0	1.11804229998961	0.321838699979708	122.905242922988	0
110	20018	58	2	110	91.0511807495437	18.9488192504563	-3.80398766766301	-13.0511807495438	78	0	5	1	8	0	1.17108549992554	0.0096112999599427	270	0
85	20018	58	2	85	110.965711840557	-25.9657118405574	19.9145310910137	-32.9657118405574	78	0	6	0	8	0	0.79366470000241	0.0288767000893131	119.744881296942	0
43	20018	58	2	43	81.6193867770724	-38.6193867770724	-29.3463250634851	-3.61938677707235	78	0	7	0	8	0	0.748771000071429	0.284936600015499	96.3401917459099	0
83	20018	58	2	83	70.6836471804958	12.3163528195042	-10.9357395965765	7.31635281950417	78	0	8	1	8	0	0.986059999908321	0.339593700016849	39.4724598483438	0
77	20018	58	2	77	101.996899307924	-24.9968993079236	31.3132521274278	-23.9968993079236	78	0	9	0	8	0	0.728409000090323	0.0685410000151023	275.7105931375	0
64	20018	58	2	64	105.446316367693	-41.4463163676926	3.44941705976897	-27.4463163676926	78	0	10	0	8	0	0.630771199939772	0.0341630999464542	90	0
74	20018	58	2	74	75.0378447456735	-1.03784474567345	-30.4084716220191	2.96215525432655	78	0	11	1	8	1	1.24216230004095	0.408338600071147	53.130102354156	0
57	20018	58	2	57	84.6801060821932	-27.6801060821932	9.64226133651972	-6.68010608219317	78	0	12	0	8	0	1.06324990000576	0.0509893000125885	81.869897645844	0
102	20018	58	2	102	73.117869722016	28.882130277984	-11.5622363601772	4.88213027798399	78	0	13	0	8	0	0.921863799914718	0.292722699930891	70.5599651718238	0
87	20018	58	2	87	90	-3	16.882130277984	-12	78	0	14	1	8	0	0.61282299994491	0.0696615000488237	101.768288932021	0
78	20018	58	2	78	106.083391249495	-28.0833912494946	16.0833912494946	-28.0833912494946	78	0	15	0	8	0	0.967257999931462	0.438838299945928	90	0
66	20018	58	2	66	85.7830571708314	-19.7830571708314	-20.3003340786632	-7.78305717083141	78	0	16	1	8	1	0.978188100038096	0.227281700004824	78.6900675259798	0
81	20018	58	2	81	51.1988373135057	29.8011626864943	-34.5842198573257	26.8011626864943	78	0	17	0	8	0	0.775146399973892	0.280035099945962	78.6900675259798	0
54	20018	58	2	54	79.2157021324374	-25.2157021324374	28.0168648189317	-1.21570213243741	78	0	18	0	8	0	0.86969710001722	0.109260299941525	143.130102354156	0
86	20018	58	2	86	94.4387163677047	-8.4387163677047	15.2230142352673	-0.4387163677047	94	1	0	1	8	0	0.791281400015578	0.0276443000184372	132.878903603339	0
84	20018	58	2	84	107.425436040306	-23.4254360403056	12.9867196726009	-13.4254360403056	94	0	1	0	8	0	0.946259699994698	0.0506654999917373	92.3859440303888	0
109	20018	58	2	109	92.7988985135763	16.2011014864237	-14.6265375267293	1.20110148642366	94	0	2	1	8	1	1.37983640003949	0.0952491000061855	295.0168934781	0
104	20018	58	2	104	93.3566109507001	10.6433890492999	0.557712437123758	0.643389049299897	94	0	3	1	8	0	1.42843939992599	0.114216699963436	106.260204708312	0
139	20018	58	2	139	90.7994241133175	48.2005758866825	-2.55718683738257	3.20057588668246	94	0	4	0	8	0	0.823815500014462	0.0167091999901459	93.5763343749973	0
77	20018	58	2	77	117.793427411959	-40.7934274119586	26.994003298641	-23.7934274119586	94	0	5	0	8	0	0.972690899972804	0.363390999962576	93.5763343749973	0
314	20018	58	3	314	108.992748246468	-154.992748246468	-8.80067916549067	-160.992748246468	308	1	0	0	8	0	2.83293110004161	1.46961529995315	344.357753542791	1
316	20018	58	3	316	292.48727990979	23.5127200902096	-176.505468336678	15.5127200902097	308	0	1	0	8	0	0.857863700017333	0.298447399982251	83.6598082540901	0
334	20018	58	3	334	326.821488340607	7.17851165939275	34.3342084308169	-18.8214883406072	308	0	2	1	8	0	1.0173506999854	0.305259000044316	55.6196552761551	0
272	20018	58	3	272	312.6516466869	-40.6516466869004	-14.1698416537068	-4.65164668690043	308	0	3	0	8	0	0.975622199941427	0.362223799922504	340.820991974189	0
283	20018	58	3	283	294.102234501161	-11.1022345011611	-18.5494121857394	13.897765498839	308	0	4	1	8	0	1.61074889998417	0.315149799920619	164.054604099077	0
310	20018	58	3	310	306.869897645844	3.13010235415594	12.767663144683	1.13010235415596	308	0	5	1	8	1	2.36436680005863	0.379205900011584	300.963756532073	0
341	20018	58	3	341	315.406346233309	25.593653766691	8.53644858746497	-7.40634623330901	308	0	6	0	8	0	1.14481840003282	0.435960900038481	49.7636416907262	0
304	20018	58	3	304	323.249344178906	-19.2493441789062	7.84299794559721	-15.2493441789062	308	0	7	1	8	0	2.0007362999022	0.65226239990443	340.559965171824	0
337	20018	58	3	337	312.878903603339	24.1210963966614	-10.3704405755676	-4.87890360333857	308	0	8	0	8	0	2.02310559991747	0.841692099929787	332.24145939894	0
189	20018	58	3	189	317.1529627891	-128.1529627891	4.27405918576187	-130.1529627891	187	1	0	0	8	0	2.24214270000812	0.377956400043331	8.53076560994811	0
220	20018	58	3	220	196.939085631049	23.0609143689505	-120.213877158051	-9.93908563104949	187	0	1	0	8	0	1.91035269992426	0.0974460999714211	209.357753542791	0
174	20018	58	3	174	207.69326860889	-33.69326860889	10.7541829778405	-20.69326860889	187	0	2	0	8	0	2.157916199998	0.428187599987723	214.215702132437	0
213	20018	58	3	213	182.806370251788	30.1936297482118	-24.8868983571017	4.19362974821174	187	0	3	0	8	0	1.89783440006431	0.0509501000633463	287.525568373723	0
179	20018	58	3	179	196.151940714631	-17.1519407146309	13.3455704628427	-9.15194071463095	187	0	4	1	8	0	1.17294749990106	0.362561099929735	210.963756532074	0
178	20018	58	3	178	184.132060254953	-6.1320602549526	-12.0198804596783	2.8679397450474	187	0	5	1	8	0	1.30103309999686	0.260050800046884	180	0
174	20018	58	3	174	187.055186061097	-13.0551860610967	2.92312580614409	-0.0551860610966939	187	0	6	1	8	0	1.56135500001255	0.285083299968392	132.709389957361	0
166	20018	58	3	166	186.959422071499	-20.959422071499	-0.0957639895977163	0.0405779285010216	187	0	7	0	8	0	1.43875650002155	0.29274710000027	206.565051177078	0
60	20018	58	3	60	179.728458054315	-119.728458054315	-7.2309640171835	-129.728458054315	50	1	0	0	8	0	0.956032200017944	0.111026500002481	276.009005957495	0
39	20018	58	3	39	51.6250658658938	-12.6250658658938	-128.103392188422	-1.62506586589376	50	0	1	1	8	0	1.12783240003046	0.0494368000654504	47.4895529219991	0
48	20018	58	3	48	52.0542517333647	-4.05425173336471	0.429185867470954	-2.05425173336471	50	0	2	1	8	0	2.02102689992171	0.359196199919097	90	0
75	20018	58	3	75	65.5560452195834	9.44395478041657	13.5017934862187	-15.5560452195834	50	0	3	1	8	0	1.21054040000308	0.348372399923392	138.36646066343	0
105	20018	58	3	105	47.1858008067756	57.8141991932244	-18.3702444128078	2.81419919322439	50	0	4	0	8	0	1.02285760000814	0.276353899971582	255.068582821862	0
2	20018	58	3	2	96.9272181260092	-94.9272181260092	49.7414173192336	-46.9272181260092	50	0	5	0	8	0	0.856920499936678	0.145351700019091	291.250505507133	0
25	20018	58	3	25	18.6949883968038	6.30501160319619	-78.2322297292054	31.3050116031962	50	0	6	1	8	0	1.52968289994169	0.484651900012977	307.405356631409	0
52	20018	58	3	52	25.5138704275342	26.4861295724658	6.81888203073044	24.4861295724658	50	0	7	0	8	0	1.179942100076	0.417993900016882	350.134193056916	0
65	20018	58	3	65	64.0934920004856	0.906507999514358	38.5796215729514	-14.0934920004856	50	0	8	1	8	0	0.86561450001318	0.0850481000961736	113.198590513648	0
260	20018	58	3	260	78.7462949657443	-178.746294965744	14.6528029652587	-149.746294965744	289	1	0	0	8	0	1.10352489992511	0.358969799941406	169.992020198559	0
261	20018	58	3	261	266.748054399636	-5.74805439963618	-171.998240566108	22.2519456003638	289	0	1	1	8	0	1.14539790002163	0.316030099987984	244.653824058053	0
301	20018	58	3	301	288.520849477471	12.4791505225289	21.7727950778349	0.479150522528921	289	0	2	1	8	1	2.38356790004764	0.0818270000163466	246.037511025422	0
259	20018	58	3	259	274.267893300291	-15.2678933002908	-14.2529561771803	14.7321066997092	289	0	3	1	8	0	1.36425530002452	0.521732300054282	194.036243467927	0
203	20018	58	3	203	283.316083049107	-80.3160830491072	9.04818974881645	-61.3160830491072	222	1	0	0	8	0	0.980799600016326	0.401523699983954	186.34019174591	0
225	20018	58	3	225	184.656346348896	40.3436536511039	-98.6597367002112	37.3436536511039	222	0	1	0	8	0	0.902597700012848	0.391566000063904	154.536654938128	0
237	20018	58	3	237	243.980606416338	-6.98060641633774	59.3242600674417	-21.9806064163377	222	0	2	1	8	0	0.960357200005092	0.034066200023517	270	0
242	20018	58	3	242	250.5744447721	-8.5744447721001	6.59383835576235	-28.5744447721001	222	0	3	1	8	0	1.53133060003165	0.674596600001678	219.805571092265	0
199	20018	58	3	199	243.952278145708	-44.9522781457081	-6.62216662639199	-21.9522781457081	222	0	4	0	8	0	1.25927340006456	0.399733699974604	322.431407971173	0
190	20018	58	3	190	221.159050974663	-31.159050974663	-22.7932271710451	0.840949025336943	222	0	5	0	8	1	1.75705669994932	0.157534400001168	90	0
184	20018	58	3	184	208.282183390802	-24.2821833908017	-12.8768675838613	13.7178166091983	222	0	6	0	8	0	1.56528529990464	0.40450249996502	139.398705354996	0
207	20018	58	3	207	207.923589715138	-0.92358971513842	-0.358593675663333	14.0764102848616	222	0	7	1	8	0	1.42544319992885	0.31582569994498	190.007979801441	0
221	20018	58	3	221	220.763605200941	0.236394799058789	12.8400154858028	1.23639479905881	222	0	8	1	8	0	1.07257670001127	0.14412860001903	212.735226272108	0
233	20018	58	3	233	209.744881296942	23.2551187030578	-11.0187239039989	12.2551187030578	222	0	9	0	8	0	1.01622019999195	0.321353200008161	202.38013505196	0
203	20018	58	3	203	217.635253755017	-14.6352537550174	7.8903724580751	4.36474624498266	222	0	10	1	8	0	0.987158300005831	0.191906300024129	214.695153531234	0
252	20018	58	3	252	203.962488974578	48.0375110254218	-13.6727647804392	18.0375110254218	222	0	11	0	8	0	1.26628849992994	0.419262200011872	216.253837737445	0
219	20018	58	3	219	229.519137714706	-10.5191377147064	25.5566487401283	-7.51913771470645	222	0	12	1	8	0	1.01894740003627	0.354995499947108	240.751173663453	0
183	20018	58	3	183	224.139767653083	-41.1397676530827	-5.37937006162381	-2.13976765308264	222	0	13	0	8	0	1.0661799000809	0.285234300070442	237.094757077012	0
225	20018	58	3	225	201.960564020096	23.0394359799035	-22.1792036329862	20.0394359799035	222	0	14	0	8	0	1.36502949998248	0.235321399988607	107.525568373723	0
247	20018	58	3	247	216.404088563079	30.595911436921	14.4435245429825	5.59591143692099	222	0	15	0	8	0	1.52343079994898	0.28020659997128	257.471192290848	0
213	20018	58	3	213	237.712512820871	-24.7125128208715	21.3084242577925	-15.7125128208715	222	0	16	0	8	0	0.907687699887902	0.029335799976252	339.443954780417	0
178	20018	58	3	178	204.189514154024	-26.1895141540242	-33.5229986668473	17.8104858459758	222	0	17	0	8	0	1.2926896000281	0.39689939992968	220.601294645004	0
237	20018	58	3	237	169.36523906126	67.6347609387403	-34.8242750927645	52.6347609387403	222	0	18	0	8	0	0.926229099975899	0.245624099974521	284.931417178138	0
216	20018	58	3	216	208.119669834476	7.88033016552385	38.7544307732165	13.8803301655239	222	0	19	1	8	0	0.879574200022034	0.0325456000864506	270	0
332	20018	58	4	332	299.386379960351	32.6136200396491	91.2667101258747	26.6136200396491	326	1	0	0	8	0	2.64617139997426	1.51514119992498	100.619655276155	1
312	20018	58	4	312	328.760785111791	-16.7607851117913	29.3744051514403	-2.76078511179121	326	0	1	1	8	1	1.56996029999573	0.285467100096866	42.7093899573615	0
337	20018	58	4	337	288.77297309886	48.2270269011404	-39.9878120129317	37.2270269011405	326	0	2	0	8	0	1.39634780003689	0.401127099990845	86.6335393365702	0
324	20018	58	4	324	332.341128894973	-8.34112889497264	43.5681557961131	-6.34112889497261	326	0	3	1	8	0	0.970347800059244	0.322887300048023	14.0362434679265	0
274	20018	58	4	274	325.286902285352	-51.2869022853524	-7.05422660962026	0.713097714647649	326	0	4	0	8	1	1.31909900007304	0.268678800086491	267.3974377975	0
314	20018	58	4	314	296.442362329239	17.5576376707611	-28.8445399561135	29.5576376707611	326	0	5	1	8	1	1.58137000002898	0.298988300026394	208.810793742973	0
314	20018	58	4	314	327.123738247789	-13.1237382477894	30.6813759185505	-1.12373824778938	326	0	6	1	8	1	2.21568140003365	0.380830500042066	330.642246457209	0
324	20018	58	4	324	300.589890520144	23.4101094798557	-26.5338477276452	25.4101094798558	326	0	7	0	8	0	1.20647919992916	0.64506380003877	341.565051177078	0
318	20018	58	4	318	329.30735712041	-11.3073571204103	28.717466600266	31.6926428795897	1	1	0	1	8	0	1.22376520000398	0.444668000098318	334.9831065219	0
342	20018	58	4	342	341.751075781586	0.248924218414442	12.4437186611753	19.2489242184145	1	0	1	1	8	0	1.21117720007896	0.3473828000715	308.65980825409	0
21	20018	58	4	21	337.546390021001	43.4536099789992	-4.20468576058479	23.4536099789992	1	0	2	0	8	0	0.965883000055328	0.334695200086571	308.157226587369	0
18	20018	58	4	18	47.8878436347613	-29.8878436347613	70.3414536137605	-46.8878436347613	1	0	3	0	8	0	0.828413699986413	0.236166500020772	93.3664606634298	0
344	20018	58	4	344	18.0542515714952	-34.0542515714952	-29.8335920632661	-17.0542515714952	1	0	4	0	8	0	0.750059500103816	0.302808900014497	360	0
3	20018	58	4	3	350.489039620709	12.5109603792906	-27.5652119507859	10.5109603792906	1	0	5	1	8	0	0.716990799992345	0.254277100088075	4.76364169072616	0
12	20018	58	4	12	5.85601358542897	6.14398641457103	15.3669739647196	-4.85601358542897	1	0	6	1	8	0	1.20990909996908	0.196115700062364	161.565051177078	0
353	20018	58	4	353	6.72688404900134	-13.7268840490013	0.870870463572373	-5.72688404900134	1	0	7	1	8	0	0.942123100045137	0.362465200014412	23.1985905136482	0
355	20018	58	4	355	14.8349921942587	-19.8349921942587	8.1081081452574	-13.8349921942587	1	0	8	1	8	0	1.32829219999257	0.433274199953303	34.2157021324374	0
17	20018	58	4	17	359.707677130771	17.2923228692286	-15.1273150634873	1.29232286922856	1	0	9	1	8	1	1.73258390009869	0.116502300021239	338.198590513648	0
322	20018	58	4	322	22.2727535293337	-60.2727535293337	22.5650763985623	-21.2727535293337	1	0	10	0	8	0	1.24771459994372	0.267109900014475	87.2736890060937	0
323	20018	58	4	323	348.746294965744	-25.7462949657443	-33.5264585635894	12.2537050342557	1	0	11	0	8	0	1.32195280003361	0.207974700024351	260.537677791974	0
0	20018	58	4	0	333.297877841567	26.7021221584327	-15.448417124177	27.7021221584327	1	0	12	0	8	0	0.918846099986695	0.322636400000192	335.695450734063	0
352	20018	58	4	352	19.9831065219	-27.9831065219	46.6852286803326	-18.9831065219	1	0	13	0	8	0	0.681091000093147	0.104193900013342	15.5241109967542	0
119	20018	58	4	119	353.439803599429	125.560196400571	-26.5433029224713	153.560196400571	147	1	0	0	8	0	0.609552499954589	0.102802800014615	253.300755766006	0
138	20018	58	4	138	104.268443937373	33.7315560626267	110.828640337945	42.7315560626267	147	0	1	0	8	0	0.874592700041831	0.00598100002389401	114.907323234287	0
104	20018	58	4	104	143.67317404788	-39.6731740478798	39.4047301105064	3.32682595212023	147	0	2	0	8	0	0.905177699984051	0.0745230000466108	298.072486935853	0
126	20018	58	4	126	116.344259285354	9.65574071464559	-27.3289147625254	30.6557407146456	147	0	3	1	8	0	1.18084440007806	0.0692240999778733	9.46232220802563	0
143	20018	58	4	143	114.443954780417	28.5560452195835	-1.90030450493788	32.5560452195835	147	0	4	0	8	0	0.864702500053681	0.06953030009754	45	0
181	20018	58	4	181	139.653351587268	41.3466484127316	25.2093968068519	7.34664841273161	147	0	5	0	8	0	1.13742719998118	0.0241581000154838	317.489552921999	0
134	20018	58	4	134	165.443575679926	-31.4435756799257	25.7902240926573	-18.4435756799257	147	0	6	0	8	0	0.752746100071818	0.00984970002900809	148.405875241137	0
188	20018	58	4	188	129.447028966963	58.5529710330368	-35.9965467129625	17.5529710330368	147	0	7	0	8	0	0.829768699943088	0.0327670000260696	273.179830119864	0
184	20018	58	4	184	166.568971129318	17.4310288706817	37.1219421623551	-19.5689711293184	147	0	8	1	8	0	0.854426199919544	0.0586702999426052	216.869897645844	0
113	20018	58	4	113	165.694448153378	-52.694448153378	-0.874522975940293	-18.6944481533781	147	0	9	0	8	0	0.740698700072244	0.0492397000780329	253.300755766006	0
177	20018	58	4	177	122.92616906505	54.0738309349502	-42.7682790883283	24.0738309349502	147	0	10	0	8	0	0.597335900063626	0.0163527000695467	87.1375947738882	0
141	20018	58	4	141	129.623294571949	11.3767054280508	6.69712550689945	17.3767054280507	147	0	11	1	8	0	0.806297399918549	0.127833899925463	36.2538377374448	0
150	20018	58	4	150	143.130102354156	6.86989764584402	13.5068077822067	3.869897645844	147	0	12	1	8	1	1.01456249994226	0.0302275000140071	148.392497753751	0
155	20018	58	4	155	147.604147283762	7.39585271623815	4.47404492960587	-0.604147283761865	147	0	13	1	8	0	0.781594500062056	0.0707574000116438	156.370622269343	0
160	20018	58	4	160	146.880336212597	13.1196637874033	-0.72381107116513	0.119663787403267	147	0	14	1	8	1	2.19842789997347	0.279927799943835	124.380344723845	0
143	20018	58	4	143	136.101706115206	6.89829388479362	-10.7786300973903	10.8982938847936	147	0	15	1	8	0	1.16097240010276	0.299044100102037	123.69006752598	0
124	20018	58	4	124	150.319100563133	-26.3191005631326	14.2173944479262	6.68089943686739	157	1	0	0	8	0	1.09363020001911	0.097787500009872	180	0
169	20018	58	4	169	145.130887970825	23.8691120291754	-5.18821259230804	11.8691120291754	157	0	1	0	8	0	0.855145400040783	0.171941000036895	71.565051177078	0
146	20018	58	4	146	167.31961650818	-21.3196165081802	22.1887285373556	-10.3196165081801	157	0	2	0	8	0	0.728649399941787	0.316497699939646	170.537677791974	0
196	20018	58	4	196	148.91249467652	47.08750532348	-18.4071218316601	8.08750532347998	157	0	3	0	8	0	1.81881809991319	0.388433699961752	111.801409486352	0
17	20018	58	4	17	192.503421898002	-175.503421898002	43.5909272214823	-179.503421898002	13	1	0	0	8	0	0.906503699952736	0.0540230999467894	233.130102354156	0
37	20018	58	4	37	2.01459878787057	34.9854012121294	169.511176889868	10.9854012121294	13	0	1	0	8	0	1.09105420007836	0.560706899967045	12.8042660652868	0
330	20018	58	4	330	26.8248942006899	-56.8248942006899	24.8102954128194	-13.8248942006899	13	0	2	0	8	0	0.864354599965736	0.136417599976994	311.18592516571	0
17	20018	58	4	17	13.1725534233269	3.82744657667308	-13.652340777363	-0.17255342332692	13	0	3	1	8	1	1.32598900003359	0.141882400028408	341.565051177078	0
18	20018	58	4	18	23.6631407081944	-5.66314070819436	10.4905872848674	-10.6631407081944	13	0	4	1	8	0	2.19400760007557	0.483220000052825	135	0
17	20018	58	4	17	31.3177418397431	-14.3177418397431	7.65460113154876	-18.3177418397431	13	0	5	1	8	0	1.13827230001334	0.441016600001603	20.2248594311681	0
51	20018	58	4	51	10.5658732711315	40.4341267288685	-20.7518685686116	2.43412672886848	13	0	6	0	8	0	0.890063700033352	0.209698699996807	36.2538377374448	0
39	20018	58	4	39	34.2068968797769	4.79310312022312	23.6410236086454	-21.2068968797769	13	0	7	1	8	0	1.01496780000161	0.402744099963456	56.9761324442034	0
10	20018	58	4	10	24.5150707300523	-14.5150707300523	-9.69182614972459	-11.5150707300523	13	0	8	1	8	0	0.875312000047415	0.217872599954717	23.1985905136482	0
